author,published_at,updated_at,like_count,Comment
@dhruvrathee,2024-07-21T15:17:21Z,2024-07-21T15:17:21Z,40300,"I hope this was enough of a counter, now we can go back to usual videos. <br>ğŸ¥ Learn how to make Youtube your career, join the Course: <a href=""https://academy.dhruvrathee.com/youtube"">https://academy.dhruvrathee.com/youtube</a><br>Use coupon code: ELVISH420 for 42% discount!"
@TABREZALAM2918-r1r,2024-07-23T15:00:33Z,2024-07-23T15:00:33Z,1,Bangladesh protest ke baare mein bataiye sir please ek ğŸ˜Š video
@SumbulZehra-kr9jw,2024-07-23T15:00:32Z,2024-07-23T15:00:32Z,0,Waaahhhh
@ANUJVLOGS-n2p,2024-07-23T15:00:27Z,2024-07-23T15:00:27Z,0,23lakh hi hai cororo log kidhar kuch bhi bolta hai
@NavneetPatel-rb7ee,2024-07-23T15:00:27Z,2024-07-23T15:00:27Z,0,Beta modi pr ab phir video banayega 2029 me ğŸ˜‚ğŸ˜‚ğŸ˜‚ğŸ˜‚ğŸ˜‚ğŸ˜‚ kyu ki dhanda bnd ho jaayega n ğŸ˜…ğŸ˜…
@Truetalkmotivational,2024-07-23T15:00:26Z,2024-07-23T15:00:26Z,0,ğŸ˜…ğŸ˜…ğŸ˜…ğŸ˜…
@Whoiskajal,2024-07-23T15:00:19Z,2024-07-23T15:00:19Z,0,Video on budget
@bhumikajoshi2329,2024-07-23T15:00:18Z,2024-07-23T15:00:18Z,0,Modi ji ko kejriwal se compare kara hai dimag thik hai bhaiyya ğŸ˜‚
@sheikhrakayet1020,2024-07-23T15:00:09Z,2024-07-23T15:00:09Z,0,Please save Bangladesh students ğŸ˜¢
@sibanandasahoo8000,2024-07-23T15:00:03Z,2024-07-23T15:00:03Z,0,Ye ham hai jo bewakoof ki tarah padhai choğŸ˜…d ke is video PE click Kiya hai
@ArvindKumar-il3kh,2024-07-23T15:00:03Z,2024-07-23T15:00:03Z,0,You are Right dhurv rathee ji
@SelfConfident-f7v,2024-07-23T14:59:56Z,2024-07-23T14:59:56Z,0,Y u giving him unnecessary importance
@SheikhRispa,2024-07-23T14:59:56Z,2024-07-23T14:59:56Z,1,Please make video on Bangladesh students
@meenamihaulia3922,2024-07-23T14:59:54Z,2024-07-23T14:59:54Z,1,"Legends, <a href=""https://www.youtube.com/watch?v=vVqhgfoFaDk&amp;t=1984"">33:04</a> class 7 nahi 8 <br>Chapter dekh lena kyuki bahut saal ho gaye ğŸ˜…"
@ankitrathore3208,2024-07-23T14:59:50Z,2024-07-23T14:59:50Z,0,Buaiya agniveer ke baare me bhi banao ek video please agniveer band karao
@thegreatstatus4296,2024-07-23T14:59:49Z,2024-07-23T14:59:49Z,1,make video on nathuramğŸ˜‚
@SaitBro-t8u,2024-07-23T14:59:42Z,2024-07-23T14:59:42Z,0,DR wins FATALITYğŸ‘ŠâœŠ
@sunilkalyana6447,2024-07-23T14:59:35Z,2024-07-23T14:59:35Z,0,â¤â¤â¤
@jayasankarsethia3424,2024-07-23T14:59:31Z,2024-07-23T14:59:31Z,0,You are don&#39;t Link with any political party
@rishab1438,2024-07-23T14:59:28Z,2024-07-23T14:59:28Z,0,Bhai pm bane ka irada hai kya ğŸ˜‚
@nav_eed46,2024-07-23T14:59:12Z,2024-07-23T14:59:12Z,0,Legend â¤
@VishakhaSingh-oj2mp,2024-07-23T14:59:05Z,2024-07-23T14:59:05Z,0,he is the Firecracker from The Boys
@SheikhRispa,2024-07-23T14:59:05Z,2024-07-23T14:59:05Z,1,All eyes on Bangladesh students
@nareshkumarelangovan4733,2024-07-23T14:58:56Z,2024-07-23T14:58:56Z,0,1 video on new budget ğŸ™
@SheikhRispa,2024-07-23T14:58:47Z,2024-07-23T14:58:47Z,1,Save Bangladesh students
@pianist-B.k.,2024-07-23T14:58:45Z,2024-07-23T14:58:45Z,0,Who is here after - Ed ne pakal liya ğŸ˜‚ğŸ˜‚ğŸ˜‚
@yourpinterestbestie,2024-07-23T14:58:45Z,2024-07-23T14:58:45Z,1,Any neet aspirant here? ğŸ˜¢
@On.linework22,2024-07-23T14:58:44Z,2024-07-23T14:58:44Z,0,â¤â¤â¤
@jayasankarsethia3424,2024-07-23T14:58:43Z,2024-07-23T14:58:43Z,0,You are all time best Dhrub Bhai ğŸ‰ğŸ‰ğŸ‰
@Tannut-i2u,2024-07-23T14:58:42Z,2024-07-23T14:58:42Z,0,Sach baat to ye h isko bhi maza aara h usse bhidne me just for views and less content ideasğŸ˜‚ğŸ˜‚
@hansrajkumar4202,2024-07-23T14:58:41Z,2024-07-23T14:58:41Z,0,Alwish juth bol raha tha bhai ğŸ˜ğŸ˜
@KandidReviews,2024-07-23T14:58:41Z,2024-07-23T14:58:41Z,0,"This is as good as Maharaja Movie! Super Twist, Turns, Hyper-revenge in the best and epic way possible!"
@joshuadexter9273,2024-07-23T14:58:32Z,2024-07-23T14:58:32Z,0,Elvish420 was personal ğŸ—¿
@qaaziharis8413,2024-07-23T14:58:24Z,2024-07-23T14:58:24Z,0,Do you know how many times â€œanpadh alvishâ€ used in this video ?
@ChayabenSagar,2024-07-23T14:58:23Z,2024-07-23T14:58:23Z,0,ğŸ˜‚ğŸ˜‚ğŸ˜‚
@Skaterhemashu,2024-07-23T14:58:21Z,2024-07-23T14:58:21Z,0,Tu to Sudar jağŸ˜‚ğŸ˜‚ğŸ˜‚ğŸ˜‚ğŸ˜‚ğŸ˜‚ğŸ˜‚ğŸ˜‚ğŸ˜‚ğŸ˜‚ğŸ˜‚ğŸ˜‚ğŸ˜‚ğŸ˜‚
@sadaf139,2024-07-23T14:58:19Z,2024-07-23T14:58:19Z,0,ğŸ‘âœ¨
@ehsanulhoque2514,2024-07-23T14:58:07Z,2024-07-23T14:58:07Z,0,Plz upload Video on Bangladesh asap.
@samir7794,2024-07-23T14:57:55Z,2024-07-23T14:57:55Z,0,Arey bhaiya ye sab chhoro...<br>Aapke baare me bahot kuch bola ja raha hai kuch karo
@Lone_introvert,2024-07-23T14:57:36Z,2024-07-23T14:57:36Z,0,Ab bno secular 50 saal baad regret kro
@panda2735,2024-07-23T14:57:32Z,2024-07-23T14:57:32Z,0,Education â¤ vs chapri ğŸ¼ ğŸƒ
@bold040,2024-07-23T14:57:30Z,2024-07-23T14:57:30Z,0,Ye alvesh illiterate big boss m kaise gya ğŸ˜‚
@gauravrathia2623,2024-07-23T14:57:28Z,2024-07-23T14:57:28Z,0,Kilvish k khandan Pakistan s hğŸ˜œ
@user-vv5gy5yn9s,2024-07-23T14:57:19Z,2024-07-23T14:57:19Z,1,Ap motivational video kyu nhi banate student life ke liye ğŸ™ƒ
@sanjanavidyarthi4,2024-07-23T14:57:18Z,2024-07-23T14:57:18Z,2,Abe chal katwe...ğŸ¤¡
@gyanspotgaming,2024-07-23T14:57:10Z,2024-07-23T14:58:23Z,0,Pawan Kalyan Is the hero Of this general election......... 0% Contribution But still He played a crucial Role In Ap general Elections..... Naidu can Jion India allaince but because of pawan kalyan He didnt jioned... he is a big hero but supporting wrong Party
@bilalpasta4112,2024-07-23T14:57:10Z,2024-07-23T14:57:10Z,0,ğŸ”¥ğŸ’¯ğŸ’¯
@e-gyanpvt.ltd.3701,2024-07-23T14:57:09Z,2024-07-23T14:57:09Z,0,à¤¶à¤¾à¤¨à¤¦à¤¾à¤° à¤­à¤¾à¤ˆà¥¤
@ErenJaeger_0,2024-07-23T14:57:06Z,2024-07-23T14:57:06Z,1,when did dhruv rathee became carry minatiğŸ˜…
@khanbrothers2458,2024-07-23T14:57:01Z,2024-07-23T14:57:01Z,0,Allahâ¤ orâ¤ Ram aapko Khush rakheğŸ˜Š
@rishab1438,2024-07-23T14:56:59Z,2024-07-23T14:56:59Z,0,Bhai esi video se tum ne lakho kama liye ğŸ˜®ğŸ˜®ğŸ˜®
@XYZlifestyle13,2024-07-23T14:56:47Z,2024-07-23T14:56:47Z,1,You are Great BroğŸ¤˜ğŸ»
@arpitvishwakarma8370,2024-07-23T14:56:39Z,2024-07-23T14:56:39Z,0,à¤‰à¤¸à¤•à¥‡ à¤¨à¤¾à¤® à¤¸à¥‡ views à¤²à¥‡ à¤°à¤¹à¥‡à¤‚ à¤¹à¥‹ à¤¤à¥à¤® à¤–à¥à¤¦
@sirajshekh1422,2024-07-23T14:56:32Z,2024-07-23T14:56:32Z,2,King of YouTube ğŸ‘‘
@ankansarkar3263,2024-07-23T14:56:25Z,2024-07-23T14:56:25Z,0,Awesome video but Honey Paji ka ganne se auraten se zada iyee banda objectified huya hain lagta hain... Sab video main kehte hain ğŸ˜‚ğŸ˜‚... Honey 3.O album ka 5th song Soul gaana nahi shuna lagta hain... Jo bhi Elivis aur Rathee ki ladai samapt hua iyee achchhi baat hain
@sudhirjadhavsdj9162,2024-07-23T14:56:22Z,2024-07-23T14:56:22Z,0,bhai a video dhekha aaisa laga tum sab mil ke banare  videos  links ğŸ˜‚
@himanshuroy6832,2024-07-23T14:56:09Z,2024-07-23T14:56:09Z,0,Tum se system hang nhi hoga <br>   Tum jitna v video bna lo sirf  views
@ceranabam8626,2024-07-23T14:55:51Z,2024-07-23T14:55:51Z,0,Chapri vs educated
@SURAJ88668062,2024-07-23T14:55:39Z,2024-07-23T14:55:39Z,0,ğŸ‰ğŸ‰ğŸ‰
@vishaljadav974,2024-07-23T14:55:15Z,2024-07-23T14:55:15Z,0,1 2 3 4 ğŸ˜‚ğŸ˜‚ğŸ˜‚ğŸ˜‚
@suvomanna4856,2024-07-23T14:55:12Z,2024-07-23T14:55:12Z,1,Tera aap ke sath connection hain
@shubhdeepsingh6257,2024-07-23T14:55:09Z,2024-07-23T14:55:09Z,0,Bhai aap too roaster bann gye op big fan give me shout out
@jerinjara4299,2024-07-23T14:55:02Z,2024-07-23T14:55:02Z,0,Please help for Bangladesh people one video please
@sadafbasar1685,2024-07-23T14:54:48Z,2024-07-23T14:54:48Z,0,Creating videos is quite simple but providing accurate informations about reality from beginning to end requires great courage. Bravo for your hard work .
@gyanspotgaming,2024-07-23T14:54:48Z,2024-07-23T14:54:48Z,0,"BJP-BHARATIYA JANATA PARTY âŒ...... Nitish, Naidu,Pawan Kalyan Dependence party (NNDP) âœ…"
@aquarius4457,2024-07-23T14:54:15Z,2024-07-23T14:54:15Z,0,Meine bs iska nam suna tha bt aaj pehli bar iski vdo dekhi nd he is such a intelligent man
@naatofficial8835,2024-07-23T14:54:10Z,2024-07-23T14:54:10Z,0,Dhruv rathee respect â¤ğŸ”¥
@Rtgg518,2024-07-23T14:54:06Z,2024-07-23T14:54:06Z,0,Druv ratheeâ¤â¤â¤â¤â¤â¤â¤â¤â¤â¤â¤â¤â¤â¤â¤â¤â¤â¤â¤
@imrankhan8347,2024-07-23T14:54:05Z,2024-07-23T14:54:05Z,0,LOVE YOU BHAI
@BaapComment,2024-07-23T14:54:00Z,2024-07-23T14:54:00Z,0,à¤šà¥à¤¦ à¤—à¤ˆ à¤­à¤¾à¤ˆ à¤šà¥à¤¦ à¤—à¤ˆ à¤®à¤¿à¤¯à¤¾ à¤šà¥à¤¦ à¤—à¤ˆ
@DurgaDhaked-lp3ur,2024-07-23T14:53:54Z,2024-07-23T14:53:54Z,1,à¤•à¥à¤¯à¤¾ à¤°à¥‹à¤¸à¤Ÿ à¤•à¤¿à¤¯à¤¾ à¤¹à¥ˆ à¤­à¤¾à¤ˆ ğŸ˜‚ğŸ˜‚ğŸ˜‚
@Semi_Urban_Vlogs-Tech1983,2024-07-23T14:53:43Z,2024-07-23T14:53:43Z,1,à¤¸à¤šà¥à¤šà¥€ à¤ªà¤¤à¥à¤°à¤•à¤¾à¤°à¤¿à¤¤à¤¾ à¤•à¤¿à¤¸à¥‡ à¤•à¤¹à¤¤à¥‡ à¤¹à¥ˆà¤‚ à¤•à¥à¤¯à¤¾ à¤†à¤ª à¤¶à¥à¤°à¥‚ à¤¸à¥‡ à¤†à¤–à¤¿à¤°à¥€ à¤¤à¤• à¤‡à¤¸à¥‡ à¤¦à¥‡à¤–à¤¨à¤¾ à¤šà¤¾à¤¹à¥‡à¤‚à¤—à¥‡ à¤¤à¥‹ à¤¦à¥‡à¤–à¤¿à¤¯à¥‡.........
@hansrajkumar4202,2024-07-23T14:53:28Z,2024-07-23T14:53:28Z,0,Ham aese chapri ko follow nhi krte bhaiya
@indiancitizen6233,2024-07-23T14:53:27Z,2024-07-23T14:53:27Z,0,Awesome!!!
@shortclips6908,2024-07-23T14:53:26Z,2024-07-23T14:53:26Z,1,O bhai dhruv bhai to pakal liya ka dhoti khol rha hai ğŸ˜‚ğŸ˜‚
@Bharat-nc4pu,2024-07-23T14:53:25Z,2024-07-23T14:53:25Z,0,à¤§à¥à¤°à¥à¤µ à¤­à¤¾à¤ˆ à¤†à¤œ à¤®à¥ˆà¤¨à¥‡ à¤¸à¤¬à¥à¤¸à¤•à¥à¤°à¤¾à¤‡à¤¬ à¤•à¤° à¤•à¤° à¤²à¤¿à¤¯à¤¾<br><br>ğŸ‰ğŸ‰ğŸ‰ğŸ‰ğŸ˜ŠğŸ˜ŠğŸ˜ŠğŸ˜Š
@RendomYTShorts,2024-07-23T14:53:25Z,2024-07-23T14:53:25Z,0,Videshi logon ki ray ki Jarurat nhi hai Bharat ko Mr Dhruv Rathi
@Guri9523,2024-07-23T14:53:23Z,2024-07-23T14:53:23Z,0,Bhai ik help chahiye app se
@mohdsaquib7091,2024-07-23T14:53:18Z,2024-07-23T14:53:18Z,0,ğŸ‘
@BharatpurBoy05,2024-07-23T14:53:10Z,2024-07-23T14:53:10Z,0,ğŸ˜‚â¤
@ansarikashif4514,2024-07-23T14:52:59Z,2024-07-23T14:52:59Z,1,ğŸ˜Š
@ArvindVasuniya-cs6ph,2024-07-23T14:52:51Z,2024-07-23T14:52:51Z,0,"Dhruv rathee ko selute hai jay hind jay bharat â¤ <a href=""https://www.youtube.com/watch?v=vVqhgfoFaDk&amp;t=1329"">22:09</a>"
@nawfalbajpe1499,2024-07-23T14:52:42Z,2024-07-23T14:52:42Z,0,ElvisğŸ¤¡ be like - mere duniya ka sabse bada galti yahi hai ki me dhuruv rathee se panga le liyağŸ¤£ à¤ªà¤•à¤²  à¤²à¤¿à¤¯à¤¾
@kaushalverma2117,2024-07-23T14:52:32Z,2024-07-23T14:52:32Z,0,Sir vi me add bahut aata hai
@Semi_Urban_Vlogs-Tech1983,2024-07-23T14:52:32Z,2024-07-23T14:52:32Z,1,à¤¸à¤šà¥à¤šà¥€ à¤ªà¤¤à¥à¤°à¤•à¤¾à¤°à¤¿à¤¤à¤¾ à¤•à¤¿à¤¸à¥‡ à¤•à¤¹à¤¤à¥‡ à¤¹à¥ˆà¤‚ à¤•à¥à¤¯à¤¾ à¤†à¤ª à¤¶à¥à¤°à¥‚ à¤¸à¥‡ à¤†à¤–à¤¿à¤°à¥€ à¤¤à¤• à¤‡à¤¸à¥‡ à¤¦à¥‡à¤–à¤¨à¤¾ à¤šà¤¾à¤¹à¥‡à¤‚à¤—à¥‡ à¤¤à¥‹ à¤¦à¥‡à¤–à¤¿à¤¯à¥‡.........
@SayyadsarfarazAli-e4g,2024-07-23T14:52:22Z,2024-07-23T14:52:22Z,0,Dhruv rathe ğŸ”¥â˜ ï¸ğŸ”¥ğŸ‘
@izzatbrar2379,2024-07-23T14:52:19Z,2024-07-23T14:52:19Z,0,Bhai main bata raha hun Arjun Agarwal ne tere ko bola ki Hindu hone ka natak mat kar aur tune koi yahi kah diya ki Jay Shri Ram bol kar dikhao yah sab bola
@Semi_Urban_Vlogs-Tech1983,2024-07-23T14:52:16Z,2024-07-23T14:52:16Z,0,à¤¸à¤šà¥à¤šà¥€ à¤ªà¤¤à¥à¤°à¤•à¤¾à¤°à¤¿à¤¤à¤¾ à¤•à¤¿à¤¸à¥‡ à¤•à¤¹à¤¤à¥‡ à¤¹à¥ˆà¤‚ à¤•à¥à¤¯à¤¾ à¤†à¤ª à¤¶à¥à¤°à¥‚ à¤¸à¥‡ à¤†à¤–à¤¿à¤°à¥€ à¤¤à¤• à¤‡à¤¸à¥‡ à¤¦à¥‡à¤–à¤¨à¤¾ à¤šà¤¾à¤¹à¥‡à¤‚à¤—à¥‡ à¤¤à¥‹ à¤¦à¥‡à¤–à¤¿à¤¯à¥‡.........
@nainamanhare7326,2024-07-23T14:52:13Z,2024-07-23T14:52:13Z,0,Gajab â¤
@rajsharma3936,2024-07-23T14:52:06Z,2024-07-23T14:52:06Z,0,ğŸ˜ƒğŸ˜ƒğŸ˜ƒğŸ˜ƒğŸ˜ƒğŸ˜ƒ à¤œà¥‹ à¤µà¥à¤¯à¤•à¥à¤¤à¤¿ à¤à¤• à¤•à¥à¤°à¤¿à¤®à¤¿à¤¨à¤² à¤•à¥‹ à¤®à¤¹à¤¿à¤®à¤¾ à¤®à¤‚à¤¡à¤¨ à¤•à¤°à¤¤à¤¾ à¤¹à¥‹ à¤µà¥‹ à¤—à¥‹à¤¦à¥€ à¤¯à¥‚ à¤Ÿà¥à¤¬à¤° à¤•à¥€ à¤¬à¤¾à¤¤ à¤•à¤°à¤¤à¤¾ à¤¹à¥ˆà¤‚ ğŸ˜ƒğŸ˜ƒğŸ˜ƒğŸ˜ƒà¥¤ à¤œà¤°à¥à¤®à¤¨ à¤¸à¥‡à¤«à¤¡ ğŸ˜ƒğŸ˜ƒğŸ˜ƒğŸ˜ƒğŸ˜ƒğŸ˜ƒ
@slayerff7913,2024-07-23T14:52:02Z,2024-07-23T14:52:02Z,0,Ed ne utha liya
@aniket_021,2024-07-23T14:51:52Z,2024-07-23T14:51:52Z,1,à¤¸à¤¬ à¤¬à¤²à¤¾à¤¬à¤² à¤¨à¤¹à¥€ à¤¹à¥ˆ ğŸ˜‚
@manali3752,2024-07-23T14:51:47Z,2024-07-23T14:51:47Z,0,Just love you my brother Dhruv. So pure and simple person you are.
@ahmadibegum3658,2024-07-23T14:51:44Z,2024-07-23T14:51:44Z,0,Dhruv sirğŸ‘ğŸ‘ğŸ¤²ğŸ‘ŒğŸ‘ğŸ™ŒğŸ¤
@Miss_Gyaani,2024-07-23T14:51:38Z,2024-07-23T14:51:38Z,0,Aurangzeb alamgir k bare m bura na khu mughlo m sbse best emperor the wo
@MOOSABLOCHFF,2024-07-23T14:51:37Z,2024-07-23T14:51:37Z,0,Vote for fight ğŸ˜‚ğŸ˜‚ğŸ˜‚ğŸ˜‚
@virtualdeepak,2024-07-23T14:51:31Z,2024-07-23T14:51:31Z,1,Kya pela h bhai ne ksm se mja aagya
@anonuser21,2024-07-23T14:51:21Z,2024-07-23T14:51:21Z,1,One of the best YouTuber. Everyone in  India should follow him.
@ashish2374,2024-07-23T14:51:03Z,2024-07-23T14:51:03Z,2,This is always right <br>I agree with you<br>But theseare BJP people won&#39;t understand
@SayeedMunna,2024-07-23T14:50:58Z,2024-07-23T14:50:58Z,0,watching from Bangladesh.
@maricelascinas5644,2024-06-02T03:23:29Z,2024-06-02T03:23:29Z,0,"wow this is exactly we need for our project , thanks a lot for sharing Ms Leila â¤â¤â¤"
@Klarkooi,2024-04-14T12:05:55Z,2024-04-14T12:05:55Z,0,"Hey Leila, thanks for all the tips! I am wondering do you have a video to show a simple scenario, when we create a pivot table, we want to attach additional columns of info from our original data sheet as companion info without making those data as computational (as we don&#39;t need it) or it will just expand into so many columns that is not useful. Appreciate your kind advice as run into such common needs very often. Now i need to use V/Xlookup to map the data column manually to maintain my overall readability of my pivoted details. Thanks~!"
@adarshjha4774,2024-02-13T16:06:47Z,2024-02-13T16:06:47Z,0,All these options in insert are not coming in my Excel
@LeilaGharani,2024-01-25T17:16:47Z,2024-01-25T17:16:47Z,0,"<a href=""UCJtUOos_MwJa_Ewii-R3cJA/INVYZKnjF56F6dsPo6CRkAo""></a> Stay ahead with our Weekly Newsletter. Get the latest insights and updates straight to your inbox ğŸ‘‰ <a href=""https://link.xelplus.com/yt-c-newsletter"">https://link.xelplus.com/yt-c-newsletter</a>"
@truth5119,2023-12-29T07:35:07Z,2023-12-29T07:35:21Z,0,"I materials had code if i want both displayed in same row and adjusent column, against each other"
@michaeljarcher,2023-11-24T12:17:39Z,2023-11-24T12:17:39Z,0,"About time excel got with the picture. But first thing I tried was a use in power query, sadly this seems not yet ready for prime time.  DataFormat.Error: Invalid cell value &#39;<a href=""http://www.youtube.com/results?search_query=%23value"">#VALUE</a>!&#39;. What a shame, gI uess need to wait to join all my data. (tears in the eyes). But appreciate the heads up on this feature it will be a game changer for dull lifless tables full of SKU&#39;s or partnumbers when the world is a visual beast."
@onewhitewolf13,2023-11-01T06:58:12Z,2023-11-01T06:58:12Z,1,Was this a phased release? My images are showing as text &#39;Picture&#39;. Anyone else have this issue? :(
@md.mahmudulalamsymon1216,2023-10-18T18:12:05Z,2023-10-18T18:12:05Z,0,Wow!!<br>Thanks a lot for sharing these nice tricks!
@iditenahui,2023-09-23T18:50:10Z,2023-09-23T18:50:10Z,0,This is super helpful and useful as well! Thank you!
@siryoneyal,2023-09-06T09:13:18Z,2023-09-06T09:13:18Z,0,"@LeilaGharani , I have kind of a challenge for you. I need to present on my pivot chart the filter that was picked. I do not want users to start looking through the filter to figure out that the output is currently showing the information for Q1 this year for example."
@kn4golf,2023-09-05T14:03:32Z,2023-09-05T14:03:32Z,0,"As always, great presentation ğŸ™‚ Works for me in the Table itself, but not in the Pivot afterwords ğŸ˜ ?"
@walterf6763,2023-09-04T21:57:03Z,2023-09-04T21:57:03Z,0,Thanks for the class.  Can the same be done with States of the United States?
@FutureCommentary1,2023-08-31T05:58:46Z,2023-08-31T05:58:45Z,1,When will it be available to general 365 users?
@m_stedt,2023-08-28T11:24:58Z,2023-08-28T11:24:57Z,0,Love that you can now insert pictures into cells but I&#39;d love it even more if it would be possible to dynamically get them from the web via a link referenced somewhere else in the file. This would open up so many possiblities for me.
@wr3661,2023-08-27T23:44:04Z,2023-08-27T23:44:03Z,0,"Awesome ğŸ‘. I have a question. Can I create a flow using power automate to check my emails for data requests sent to teams, extract, and list them in an excel sheet. The idea is to create a tracker sheet to track requests, dates requested and received. Is that possible or itâ€™s a wild idea? Thanks in advance."
@SilverVillacacan,2023-08-25T10:33:41Z,2023-08-25T10:33:41Z,0,can you make videos how to run macros in protected sheets?
@RayMedina,2023-08-22T00:45:58Z,2023-08-22T00:45:57Z,0,"Hi Leila, love the show! Thank you for all the wonderful tips.. I&#39;m writing because I,&#39;ve noticed that lately my pivot tables won&#39;t give a row total but it will give me a column total. I&#39;ve try it from scratch, toggling the ON for rows and columns and nothing. I&#39;ve even opened a Microsoft support ticket and nobody can tell me why. Could you help?"
@gui.liraaa,2023-08-18T20:45:41Z,2023-08-18T20:45:41Z,0,"In my Excel, I can find the Data &gt; Data Types and find country-related information. The step I am stuck in is the part that goes on Insert &gt; Picture &gt; &quot;Place in Cell&quot;, the latter option simply doesn&#39;t exist in my Excel version. Does anyone know what can be the reason and how to activate it? Thanks in advance! :)"
@2000sunsunny,2023-08-14T10:38:16Z,2023-08-14T10:38:15Z,0,"Dear Leila, Thank you for vid. It is amazing. I am office 365 user but I dont have &quot;place in cell&quot; feature in insert /picture tab. I have all updates. What can you suggest me to fix it ? <br>Thanks in advance !"
@prajwalshetty2047,2023-08-13T14:43:40Z,2023-08-13T14:43:40Z,0,ğŸ‡®ğŸ‡³ğŸ‘â¤ï¸
@drewsoffice,2023-07-27T20:45:29Z,2023-07-27T20:45:29Z,0,Great video!  Excellent!
@kashviyashvikimasti5389,2023-07-23T09:08:38Z,2023-07-23T09:08:38Z,0,"Limitation if I have multiple columns in value, columns representing could be area or years etc"
@dougc1753,2023-07-20T20:36:30Z,2023-07-20T20:36:30Z,0,"Your videos are great, but you go to fast to learn from."
@jesus.moreno,2023-07-20T03:39:33Z,2023-07-20T03:39:33Z,0,wouwwwwwwwww .... amazing!!
@TurnToData,2023-07-19T09:00:42Z,2023-07-19T09:00:42Z,1,This was brilliant! Kudos for putting in all the efforts. Thanks
@PoojaAdnani-wk6pp,2023-07-17T06:25:31Z,2023-07-17T06:25:31Z,0,ğŸ‘
@sarmadpirzada8485,2023-07-15T04:49:19Z,2023-07-15T04:49:19Z,0,Wow Awesome thanks for updating us for new and updating formulas of Excel
@hamphrey.olendo65,2023-07-14T20:55:52Z,2023-07-14T20:55:52Z,0,"Hi, as you top student, surprise me with something, ie laptop"
@tanweerabbasabbas649,2023-07-12T18:07:17Z,2023-07-12T18:07:17Z,0,Leila  .hi . Im a grt fan of yoursâ¤ï¸<br>When using xlookup and data is is different sheets and we need to lock the entire cell when data is in table format . How to lock the ranges! Dollar sign doesnt work.<br>Plz make a video on this subject as there are none ...im sure it will b a grt hit for uğŸ‘ğŸ™‚
@user-xi8oh4ne4u,2023-07-12T06:42:06Z,2023-07-12T06:42:06Z,0,Amazing as usual.
@fidahussain6430,2023-07-11T22:35:47Z,2023-07-11T22:35:47Z,0,"AOA<br>copy a data from filtered cells, where after filtering few cells are hide. when I paste it in another place. it will only paste first few cells which are in series till the hide cell. <br>for example if I had data in 10 rows. when I apply filter data of 1,2, 3, 6, 8,10 is visible. while 4,5,7 and 8 will be hidden. while I copy the visible cells and try to paste then only 1, 2 and cell 3 data is pasted while all other is not pasted. plz suggest any trick in the excel to resolve this issue."
@mckavelli,2023-07-11T22:11:17Z,2023-07-11T22:11:17Z,0,Sheâ€™s not hard to look at.
@tamerhegab1513,2023-07-11T22:06:28Z,2023-07-11T22:06:28Z,0,Cool
@dianechapman9887,2023-07-11T14:55:25Z,2023-07-11T14:55:25Z,0,ğŸ’• Love it!
@arsakib8186,2023-07-11T13:58:09Z,2023-07-11T13:58:09Z,0,"I am using HP Envy 15x360 2 in 1 laptop.When I shutdown my laptop then my laptop power light goes off,after 3 or 4 seconds the charging light also goes off then I can&#39;t turn on my laptop.If I unplug the charger cable and plug it again the charger light is not on.I can&#39;t turn on my laptop even if the laptop is unpluged.After a long time when I plug the charging port again then the charging light is on then I can turn on my laptop but after shutdown the charging light goes of again and i can&#39;t turn it on.Pls help me to recover the problem."
@joaquimcosta952,2023-07-11T01:34:19Z,2023-07-11T01:34:19Z,0,Amazing ...
@ericssontest2332,2023-07-10T21:38:20Z,2023-07-10T21:38:20Z,0,â€¦.
@AJ-et3vf,2023-07-10T12:40:39Z,2023-07-10T12:40:39Z,0,Great video. Thank you
@johnwilson7845,2023-07-10T12:24:20Z,2023-07-10T12:24:20Z,3,Fantastic video!  Canâ€™t wait to the view the one on custom data types. Thank you
@hadiasghari2297,2023-07-10T02:44:43Z,2023-07-10T02:44:43Z,0,Ù…Ù…Ù†ÙˆÙ†Ù… Ø§Ø² Ø¨Ù‡ Ø§Ø´ØªØ±Ø§Ùƒ Ú¯Ø°Ø§Ø´ØªÙ† Ø§Ø·Ù„Ø§Ø¹Ø§ØªØªÙˆÙ†
@omidshirazi4166,2023-07-09T23:13:36Z,2023-07-09T23:13:36Z,0,"Hi Leila you are awesome â¤and I have a problem with this , I&#39;m not able to find data type although I check data menu and my office is 2021"
@yachid_6516,2023-07-09T16:56:39Z,2023-07-09T16:56:39Z,1,"hey Leila~,<br>Not sure how I got unSub~d, <br>sure glad I had U in my e-mail"
@enocharthur4322,2023-07-09T11:18:36Z,2023-07-09T11:18:36Z,0,How do you make tutorials on features we don&#39;t yet have?
@FarhanMerchant,2023-07-09T10:13:32Z,2023-07-09T10:13:32Z,0,"An amazing insight; I&#39;m not sure if i will be using this feature, but you&#39;ve done a great job. I have noticed you have switched your laptop from Surface to hp."
@JakeSmith-jy1kx,2023-07-09T01:24:36Z,2023-07-09T01:24:36Z,0,Those salaries!
@garys2187,2023-07-08T19:56:56Z,2023-07-08T19:56:56Z,0,Thank you for this video.  I have traveling and this was one of the first things I looked at.  I always enjoy and learn something from your videos.  I can&#39;t wait until it rolls out to me.
@Moker2012,2023-07-08T19:31:12Z,2023-07-08T19:31:12Z,0,"I truly like all these ideas and suggestions from Leila, but I constantly run into issues when applying them in to a large corporate environment. Linking data via SharePoint gives enough trouble. But pivoting tables and images across multiple data sources and servers (SharePoint, which which are accessibly to everyone within the target audience)  always gives an error message like: &quot;This is not possible&quot;. Makes me feel like being back in 1998, which is also worth something."
@mrjaydp123,2023-07-08T19:20:31Z,2023-07-08T19:20:31Z,0,"Hi. Im hoping if you can help pls. Having issues with conditional format<br><br>A1 = NOW(). example result <a href=""https://www.youtube.com/watch?v=WNrB1Q9Rry0&amp;t=660"">11:00</a><br>B1 = <a href=""https://www.youtube.com/watch?v=WNrB1Q9Rry0&amp;t=420"">7:00</a>. On time format<br>Conditiinal format formula is highlight if a1 &gt; b1.<br><br>May i ask why its not highlighting when the statement is true?"
@user-gm5dc4mt6t,2023-07-08T15:15:14Z,2023-07-08T15:15:14Z,2,"Hi Leila, that&#39;s amazing, I have an issue: the Geography was not copied on pivot table. How can I fix it?"
@Zoe-dm1ch,2023-07-08T10:27:55Z,2023-07-08T10:27:55Z,0,This can be a life saver!ğŸ‘ğŸ¼ğŸ‘ğŸ¼ğŸ‘ğŸ¼ My colleague just requested sth similarâ€¦will try when back in the office!ğŸŠğŸŠğŸŠ
@user-wx1ti7qo5z,2023-07-08T09:30:06Z,2023-07-08T09:30:06Z,0,"ok thanks so much on this explanation , as usual amazing work , and if i want to implement it on dashboard how can i proceed it"
@ganminghee4058,2023-07-08T03:35:45Z,2023-07-08T03:35:45Z,0,Does this work on pivot chart as well?
@gofor9196,2023-07-07T22:06:37Z,2023-07-07T22:06:37Z,0,"@LeilaGharani I hope you can really help me.<br>I have a csv file on excel and I have half-yearly data.<br>I want to have only yearly data so would you say I should cancel all the first half of the year data and keep the last one, or should I do like a merging of the two semesters?"
@Anisabell2,2023-07-07T22:06:15Z,2023-07-07T22:06:15Z,0,This is amazing!!!
@kenmcmillan2637,2023-07-07T16:54:55Z,2023-07-07T16:54:55Z,0,Brilliant!! I wish MS would hurry up and add these features to my 365!!
@manojitdey3323,2023-07-07T16:43:42Z,2023-07-07T16:43:42Z,0,i have a problem madam will u solve it? If C4=Holiday then merge cells C4:C10
@DavenneChua,2023-07-07T13:26:54Z,2023-07-07T13:26:54Z,0,Good job.
@AndreaUK1973,2023-07-07T13:08:06Z,2023-07-07T13:16:25Z,2,"Let me know what I think???? Well, my jaw has dropped on the floor with rest of my brain to start with! Sorry I need to replay this again!!! Tell ya all later!! Ow! Yeah Youâ€™re magical!!! Unbelievable!!!!!â¤"
@hazemali382,2023-07-07T12:32:37Z,2023-07-07T12:32:37Z,0,if you please Leila share workbook  of  episode
@merwynfernandes9967,2023-07-07T11:57:42Z,2023-07-07T11:57:42Z,1,Excellent. Thanks for keeping us updated with the new features.
@srikapil6711,2023-07-07T11:56:47Z,2023-07-07T11:56:47Z,0,Hey Leila just wanted to check if we have any similar kind of arrayformula function of Google sheets in excel as that gives us an option to enter formula in one cell which populates values in multiple rows and columns..
@aicx40,2023-07-07T11:51:50Z,2023-07-07T11:51:50Z,0,Cool
@DrinkCola,2023-07-07T11:25:10Z,2023-07-07T11:25:10Z,1,can ChatGPT do this???
@johnborg5419,2023-07-07T09:08:03Z,2023-07-07T09:08:03Z,0,Thanks Leila  :)
@patrickbullesbach,2023-07-07T09:04:56Z,2023-07-07T09:04:56Z,0,Thank god this feature is finally coming to excel.
@hemvaidya,2023-07-07T03:49:09Z,2023-07-07T03:49:09Z,0,Thank you sincerely
@user-fg6pf2ox1i,2023-07-06T21:45:47Z,2023-07-06T21:45:47Z,0,"I have an excel file that I use for work, specifically car parks. The data I use are the following, license plate number, time of entry, time of exit, duration of stay, and based on these the price is calculated.<br>Sometimes I mistakenly click on the classification, as a result of which the numbers get confused, i.e. they get mixed up.  If I don&#39;t understand it right away to reverse it with undo, what options do I have?"
@nadermounir8228,2023-07-06T20:13:39Z,2023-07-06T20:13:39Z,0,Very nice video ğŸ“¹ with bramd new informstion
@sulimanahmed8588,2023-07-06T19:20:10Z,2023-07-06T19:20:10Z,0,i like power query  but i feel the more data you have the quicker it would be to do it with formulas and creating everything yourself. especially with data sets that continually increase such as if you&#39;re tracking multiple KPI&#39;s for each month and adding all the data to an annual folder. I don&#39;t know if that can be helped though.
@vardansharma90,2023-07-06T18:59:47Z,2023-07-06T18:59:47Z,0,I lav ya
@user-jy7gy9sx8t,2023-07-06T18:48:58Z,2023-07-06T18:48:58Z,0,your example is so cluttered and keeps me from wanting to implement this.
@tristangeoffroy9286,2023-07-06T17:55:02Z,2023-09-03T09:00:23Z,0,"Thank you so much! I&#39;m going to use this right away; great tutorial. However, I&#39;ve noticed that when I add the flag field to pivot table, it displays &quot;image of country name...&quot; instead of the actual country flag image. Did I overlook a setting or option? Or it isn&#39;t yet GA for now?"
@etzfati,2023-07-06T17:49:46Z,2023-07-06T17:49:46Z,0,Great additions to Excel
@unoshashi,2023-07-06T17:11:45Z,2023-07-06T17:11:45Z,0,"Hi Leila, Is there a way to export or Link these table with custom formatting and images to PowerPoint? I Know it can be done as Image or entire workbook can be embedded but both are not desirable."
@rigobertogarcia,2023-07-06T16:35:26Z,2023-07-06T16:35:26Z,3,"Wow, awesome Leila. You have left some great ideas that can be turned into others that will give the business potential and a better form of control, in order to increase the efficiency of all its collaborators. Just great.<br>Thank you very much, Leila, for sharing such valuable information."
@goodboy6724,2023-07-06T16:24:30Z,2023-07-06T16:24:30Z,0,Thanks teacherğŸ‘ŒğŸ‘ğŸ‘ â¤â¤
@kumarswamybalikatti66,2023-07-06T16:23:41Z,2023-07-06T16:23:41Z,1,Ma&#39;am what is advance excel is any course is available at your website.<br>Please let me know ma&#39;am.<br>Thank you.
@prachidugal6927,2023-07-06T16:17:25Z,2023-07-06T16:17:25Z,1,Excel seems so easy when you teach it step by step
@Donkeys_Dad_Adam,2023-07-06T16:12:40Z,2023-07-06T16:12:40Z,0,Brilliant!!
@mahathmasadineni2884,2023-07-06T14:39:03Z,2023-07-06T14:39:03Z,0,"This is amazing. Could you please help me out when I drag the flag into pivot table rows section. I am not getting the flag instead of that I am getting text like Image of India, Image of United States etc.."
@hi_vishy,2023-07-06T14:36:14Z,2023-07-06T14:36:14Z,0,Absolutely cool stuff
@yogibearstie,2023-07-06T14:08:40Z,2023-07-06T14:08:40Z,0,Looks like fun
@jheadley635,2023-07-06T14:05:42Z,2023-07-06T14:05:42Z,0,Interesting names...
@user-vx4cr3qi4f,2023-07-06T13:59:16Z,2023-07-06T13:59:16Z,0,è¿™åŠŸèƒ½å¾ˆå®ç”¨
@RadeonArch2437,2023-07-06T13:09:36Z,2023-07-06T13:09:36Z,0,In excel 365 can we have ease of updating in web browser like we love on Google sheets.
@RadeonArch2437,2023-07-06T13:08:13Z,2023-07-06T13:08:13Z,0,Leila ji plz make more videos on google sheet features.
@MohamedEhbal,2023-07-06T12:51:02Z,2023-07-06T12:51:02Z,0,Magic
@luayabdelbaqi7566,2023-07-06T12:44:55Z,2023-07-06T12:44:55Z,0,"I always use dynamic tables and it works fine, and I never need (pivot T), is that ok? I mean, dynamic tables do almost everything"
@JJ_TheGreat,2023-07-06T11:42:43Z,2023-07-06T11:42:43Z,0,Walter White bought your courses for data analysis!!!
@bebyasvi5957,2023-07-06T11:23:18Z,2023-07-06T11:23:18Z,0,But only available for 365
@chrism9037,2023-07-06T11:15:03Z,2023-07-06T11:15:03Z,0,"So cool, thanks Leila.  Can&#39;t wait to get this feature!"
@vijayarjunwadkar,2023-07-06T10:56:53Z,2023-07-06T10:56:53Z,6,"That&#39;s amazing Leila! Really can&#39;t wait to have this soon, and as usual you did what you EXCEL at; your way of explaining in the most simple yet effective manner! No wonder, you won an award at Global Excel Summit for all your great work!  Keep growing!ğŸ™‚"
@Bhavik_Khatri,2023-07-06T10:44:20Z,2023-07-06T10:44:20Z,0,"Wow, this is so cool. It feels like big lifeline to Pivot Tables."
@natsarev,2023-07-06T10:35:20Z,2023-07-06T10:35:20Z,6,"Ok, a little longer and we&#39;ll have power bi in Excel :)"
@abdulsaidmkamara7305,2023-07-06T10:29:43Z,2023-07-06T10:29:43Z,0,Excellent video Leila <br><br>I will add lot of value with custom DATA TYPES ğŸ˜€ ğŸ‰
@YoussefTsun,2023-07-06T10:20:44Z,2023-07-06T10:20:44Z,0,"Very nice video, but a super tip at the end, thanks alot teacher"
@andrewcharlesmoss,2023-07-06T09:56:38Z,2023-07-06T09:57:20Z,1,"Very much a welcome addition, this!<br><br>With regards to data types, I just remembered they removed Wolfram Data Types on 11 June 2023."
@Birthday92sex,2023-07-06T09:50:40Z,2023-07-06T09:50:40Z,1,"Holy shit, I was just thinking about this yesterday!"
@mohanpal2737,2023-07-06T09:44:34Z,2023-07-06T09:44:34Z,0,Well updated.......
@RogerStocker,2023-07-06T09:38:53Z,2023-07-06T09:39:26Z,0,"My only comment would be...<br><a href=""https://www.youtube.com/watch?v=WNrB1Q9Rry0&amp;t=497"">https://youtu.be/WNrB1Q9Rry0?t=497</a>"
@annan9752,2023-07-06T09:35:02Z,2023-07-06T09:35:02Z,0,"Love it! <a href=""UCJtUOos_MwJa_Ewii-R3cJA/nsRIZNS1D5Oi-ga2t4KICw""></a>"
@chh8860,2023-07-06T09:34:46Z,2023-07-06T09:34:46Z,1,I don&#39;t fly in a jet stream where I need country flags ... but Client logo&#39;s might be a clever idea ... rather than displaying a lengthy client name repeatedly. <br><br>Which is precisely why &quot;Thursdays With Leila&#39; is always a &#39;must watch&#39; for me  ... ideas ... ideas ... ideas!!! ...  ğŸ¤” ... ğŸ’¡ğŸ’¡ğŸ’¡ğŸ’¡<br><br>ğŸ˜ğŸ˜ğŸ˜ğŸ˜ ... thank you ... thank you ... thank you ...
@adnanakram2217,2023-07-06T09:33:40Z,2023-07-06T09:33:40Z,0,"Thanks ma,am,"
@timbrykkk,2023-07-06T09:20:34Z,2023-07-06T09:20:34Z,0,"Leila, is AI taking our jobs away...?"
@Mr_APeezy,2023-07-06T09:19:07Z,2023-07-06T09:28:59Z,1,"Excellent, Iâ€™ve been missing your content for the longest in my algorithms but glad to see this recent video, Leila. ğŸ˜Š<br><br>Edit: Iâ€™d just be careful on the last section. Probably shouldâ€™ve blurred out your employeesâ€™ PII data or used dummy data for this bit."
@edwindeo,2023-07-06T09:17:34Z,2023-07-06T09:17:34Z,0,Thank you Leila ğŸ‰
@ubaidillahmuhammad20,2023-07-06T09:11:22Z,2023-07-06T09:11:22Z,0,"Nice job, mam. But please give me the files"
@ajsphinx,2023-07-06T09:09:50Z,2023-07-06T09:09:50Z,0,How to enable beta version?
@mjakabir,2023-07-06T09:09:30Z,2023-07-06T09:09:30Z,0,ğŸ¤—
